Lecture,Web,Seminar,Practicum,Lab,ADLN,Corporate Ed,GPS,Conference
4.1929788869893,4.333714192708333,4.628571428571428,4.592857142857143,4.1935178249713605,4.19985843365009,4.110621279761904,4.0024999999999995,3.9842105263157896
